image_filename;slug
1.73_06-09-2026_14-54-06.webp;Nan
2.69_27-08-2026_14-29-00.webp;Nan
41.8_22-08-2026_20-56-40.webp;Nan
48.98_02-09-2026_18-34-15.webp;denisov_pino_noir_klaret
68.81_05-09-2026_15-46-31.webp;fanagoriya-velvet-season-muskat-ottonel-beloe-sladkoe-13
70.45_04-09-2026_13-35-37.webp;fanagoriya-formula-q-saperavi-krasnoe-suhoe-135
72.97_09-09-2026_19-38-57.webp;Nan
82.33_27-08-2026_10-03-52.webp;skalistyj-bereg-shepot-czvetov
84.73_07-09-2026_11-07-51.webp;zhemchuzhnaya-9-aligote-czitron
87.09_22-08-2026_20-57-16.webp;pobeda
87.54_03-09-2026_13-27-53.webp;relikta-relikta-sira-kaberne-fran-krasnoe-suhoe-13
87.6_20-08-2026_19-56-56.webp;Nan
87.81_09-09-2026_17-16-36.webp;Nan
87.88_28-08-2026_16-56-20.webp;massandra-muskatel-belyy-belye-sorta-vinograda-beloe-sladkoe-16
88.2_05-09-2026_16-29-06.webp;Nan
88.38_20-08-2026_18-32-58.webp;czitronnyj-magaracha-sovinon-blan
89.65_19-08-2026_19-48-39.webp;rozovoe-zoloto
90.5_02-09-2026_10-32-11.webp;Nan
91.07_20-08-2026_18-37-46.webp;aratti-kaberne-sovinon-2021-krasnoe-suhoe
91.43_02-09-2026_12-08-50.webp;merlo-litavshhuk
92.21_19-08-2026_18-57-31.webp;belaya-lvicza
92.6_07-09-2026_11-04-40.webp;aratti-kaberne-sovinon-2020-krasnoe-suhoe
92.94_21-08-2026_19-37-08.webp;Nan
92.96_19-08-2026_21-07-12.webp;aratti-kaberne-sovinon-2020-krasnoe-suhoe
92.99_02-09-2026_04-20-19.webp;Nan
93.31_05-09-2026_13-39-37.webp;golubitskoe-estate-noble-selection-red-blend-kaberne-sovinon-krasnoe-suhoe-136
93.43_05-09-2026_13-34-45.webp;denisov_pet_nat_rubin
93.68_19-08-2026_20-44-28.webp;zakat-denisov-vajneri
93.84_02-09-2026_17-13-04.webp;zakat-denisov-vajneri
93.95_05-09-2026_15-29-36.webp;Nan
93.97_28-08-2026_16-02-48.webp;Nan
94.02_24-08-2026_17-46-57.webp;rubin-golodrigi
94.43_05-09-2026_15-29-25.webp;Nan
94.55_02-09-2026_16-53-08.webp;Nan
94.72_21-08-2026_15-41-48.webp;derbent-vino-desono-kaberne-sovinon-krasnoe-suhoe-125
94.7_25-08-2026_15-52-07.webp;czitronnyj-magaracha-sovinon-blan
94.83_27-08-2026_14-29-28.webp;Nan
94.8_01-09-2026_10-10-02.webp;Nan
94.94_05-09-2026_15-04-50.webp;Nan
94.97_02-09-2026_19-01-48.webp;
95.03_04-09-2026_11-39-35.webp;
95.07_01-09-2026_16-15-35.webp;
95.17_29-08-2026_11-06-42.webp;
95.19_05-09-2026_15-32-06.webp;
95.24_19-08-2026_20-00-22.webp;
95.29_21-08-2026_17-24-49.webp;
95.2_05-09-2026_13-54-13.webp;
95.32_02-09-2026_12-09-23.webp;
95.35_05-09-2026_15-29-53.webp;
95.36_28-08-2026_17-09-04.webp;
95.49_05-09-2026_15-34-51.webp;
95.63_24-08-2026_17-47-43.webp;
95.75_02-09-2026_14-47-49.webp;
95.76_23-08-2026_18-19-43.webp;
95.88_02-09-2026_14-41-59.webp;
95.8_19-08-2026_19-33-23.webp;
95.8_19-08-2026_20-47-59.webp;
96.05_28-08-2026_09-14-57.webp;
96.07_28-08-2026_16-10-06.webp;
96.08_22-08-2026_15-12-27.webp;
96.08_28-08-2026_16-29-50.webp;
96.11_22-08-2026_21-29-20.webp;
96.13_19-08-2026_19-33-10.webp;
96.15_22-08-2026_20-56-09.webp;
96.27_20-08-2026_16-26-30.webp;
96.29_21-08-2026_19-39-02.webp;
96.2_28-08-2026_09-13-27.webp;
96.2_28-08-2026_19-25-29.webp;
96.31_09-09-2026_19-29-01.webp;
96.31_21-08-2026_17-24-55.webp;
96.3_08-09-2026_10-53-14.webp;
96.3_28-08-2026_09-12-56.webp;
96.42_22-08-2026_21-29-43.webp;
96.44_05-09-2026_15-33-59.webp;
96.45_02-09-2026_14-19-06.webp;
96.45_19-08-2026_19-35-28.webp;
96.53_03-09-2026_16-39-17.webp;
96.54_04-09-2026_19-30-52.webp;
96.55_30-08-2026_19-34-31.webp;
96.58_05-09-2026_16-05-04.webp;
96.61_28-08-2026_09-16-27.webp;
96.62_07-09-2026_18-12-27.webp;
96.64_26-08-2026_16-52-37.webp;
96.65_02-09-2026_12-08-51.webp;
96.66_22-08-2026_20-44-40.webp;
96.67_27-08-2026_17-47-05.webp;
96.74_28-08-2026_13-52-26.webp;
96.76_07-09-2026_14-57-04.webp;
96.77_24-08-2026_14-10-46.webp;
96.78_25-08-2026_18-04-42.webp;
96.79_20-08-2026_17-48-31.webp;
96.79_28-08-2026_22-05-22.webp;
96.7_28-08-2026_13-50-21.webp;
96.83_20-08-2026_17-48-13.webp;
96.8_25-08-2026_22-20-38.webp;
96.96_05-09-2026_19-02-01.webp;
96.98_19-08-2026_19-05-06.webp;
97.02_29-08-2026_18-49-02.webp;
97.08_05-09-2026_15-30-50.webp;
97.23_05-09-2026_15-34-36.webp;
